label,precision,recall,f1-score,support
Negatif,0.7672413793103449,0.7063492063492064,0.7355371900826446,252.0
Netral,0.8707865168539326,0.9011627906976744,0.8857142857142857,688.0
Positif,0.5887096774193549,0.5703125,0.5793650793650794,128.0
accuracy,0.8155430711610487,0.8155430711610487,0.8155430711610487,0.8155430711610487
macro avg,0.7422458578612109,0.7259414990156269,0.7335388517206699,1068.0
weighted avg,0.8125475560780806,0.8155430711610487,0.8135632309278886,1068.0
