,precision,recall,f1-score,support
Negatif,0.875,0.8888888888888888,0.8818897637795275,252.0
Netral,0.9475982532751092,0.9462209302325582,0.9469090909090909,688.0
Positif,0.816,0.796875,0.8063241106719368,128.0
accuracy,0.9147940074906367,0.9147940074906367,0.9147940074906367,0.9147940074906367
macro avg,0.8795327510917029,0.8773282730404824,0.8783743217868517,1068.0
weighted avg,0.9146962530461378,0.9147940074906367,0.9147183157152653,1068.0
