,precision,recall,f1-score,support
Negatif,0.641860465116279,0.5476190476190477,0.5910064239828694,252.0
Netral,0.7755856966707768,0.9142441860465116,0.8392261507671781,688.0
Positif,0.7619047619047619,0.25,0.3764705882352941,128.0
accuracy,0.74812734082397,0.74812734082397,0.74812734082397,0.74812734082397
macro avg,0.7264503078972725,0.5706210778885198,0.6022343876617805,1068.0
weighted avg,0.7423928895530021,0.74812734082397,0.7251961103610667,1068.0
